usuario,hash_contrase√±a
ludwig,79b5a8b12667e9f83f9bd99fff7188f613946eddd93eace1dba852c3ce7396f1
123,a665a45920422f9d417e4867efdc4fb8a04a1f3fff1fa07e998e86f7f7a27ae3
213,a665a45920422f9d417e4867efdc4fb8a04a1f3fff1fa07e998e86f7f7a27ae3
asd,688787d8ff144c502c7f5cffaafe2cc588d86079f9de88304c26b0cb99ce91c6
ewawf,75118939de872b97e9a5c894484ddecb4a1b62cacca7d5d064ba22ebf0d79add
#,688787d8ff144c502c7f5cffaafe2cc588d86079f9de88304c26b0cb99ce91c6
"' print(""Hello world"")",e3b0c44298fc1c149afbf4c8996fb92427ae41e4649b934ca495991b7852b855
,9279fa6a314fb0728f7cfd93669cf7f35cc01b6389fd220664919f455b307203
123a,03042cf8100db386818cee4ff0f2972431a62ed78edbd09ac08accfabbefd818
nuevo,3609dbc10fbb3e1105bd7fcebf9108f553ce1980785873b3be9c2c2141fe3b46
